id,value
1,79165000.0
2,76960000.0
4,65290000.0
5,69255000.0
6,59380000.0
10,61165000.0
11,58590000.0
15,79420000.0
17,61440000.0
23,60990000.0
25,76505000.0
28,60970000.0
31,64925000.0
35,49845000.0
39,28750000.0
40,26285000.0
43,59925000.0
48,48995000.0
51,39755000.0
55,59705000.0
56,59845000.0
57,47470000.0
61,46805000.0
62,51625000.0
69,39075000.0
70,34645000.0
71,39040000.0
74,43530000.0
80,49025000.0
82,45235000.0
84,38520000.0
85,39565000.0
88,37625000.0
90,34015000.0
91,34290000.0
95,33140000.0
101,33760000.0
104,18930000.0
111,33290000.0
113,32240000.0
116,40210000.0
120,33005000.0
122,35720000.0
130,24715000.0
136,29077500.0
138,29130000.0
141,25210000.0
144,26880000.0
146,23460000.0
147,22405000.0
150,23070000.0
151,28980000.0
152,11320000.0
158,22875000.0
159,27510000.0
160,33680000.0
162,33860000.0
168,33705000.0
172,26640000.0
177,33465000.0
181,27320000.0
183,33490000.0
184,32880000.0
186,29885000.0
187,31155000.0
192,31610000.0
193,28850000.0
194,20910000.0
200,22825000.0
201,12760000.0
204,21655000.0
206,26197499.999999996
208,26315000.0
219,18606666.666666664
221,8232666.666666666
227,29350000.0
231,7177000.0
233,29500000.0
235,29290000.0
237,26160000.0
238,27260000.0
239,26040000.0
255,21495000.0
258,25253750.0
260,23220000.0
272,22300000.0
273,21180000.0
275,26395000.0
279,20870000.0
281,22175000.0
284,22261666.66666667
286,21395000.0
292,18295000.0
300,12605000.0
301,12690000.0
303,15020000.0
304,17056666.666666664
315,7406000.0
318,4776000.0
320,17385000.0
322,21345000.0
323,24680000.0
326,24875000.0
328,23945000.0
337,21615000.0
339,20465000.0
342,21755000.0
343,22355000.0
360,17535000.0
364,20465000.0
365,17700000.0
367,18985000.0
368,16110000.0
369,15510000.0
372,18345000.0
376,20915000.0
379,17495000.0
380,21780000.0
383,15930000.0
385,11830000.0
386,14730000.0
390,15765000.0
391,15920000.0
393,15895000.0
400,10550000.0
403,7073000.0
413,22700000.0
416,20965000.0
423,15155000.0
424,18200000.0
426,16980000.0
427,19005000.0
428,13395000.0
429,20060000.0
431,11925000.0
432,17380000.0
433,17155000.0
439,9490000.0
443,17515000.0
444,18520000.0
446,19410000.0
449,18715000.0
456,17160000.0
457,12630000.0
464,14405000.0
468,18190000.0
472,12490000.0
474,17645000.0
483,11965000.0
488,13325000.0
494,13665000.0
499,9355000.0
505,12215000.0
506,14195000.0
510,13340000.0
511,11045000.0
512,5798000.0
517,10735000.0
521,13015000.0
522,7625000.0
523,12435000.0
526,10885000.0
531,10735000.0
540,3157000.0
547,5803000.0
555,17835000.0
556,17950000.0
563,5539000.0
564,17790000.0
566,10315000.0
573,9855000.0
574,16345000.0
581,17390000.0
588,12640000.0
590,15620000.0
591,15735000.0
595,15035000.0
596,13985000.0
597,17145000.0
599,14305000.0
600,10880000.0
602,11180000.0
603,14290000.0
606,15140000.0
613,11090000.0
615,12345000.0
620,16150000.0
623,11875000.0
624,10740000.0
628,10225000.0
630,13515000.0
635,15480000.0
636,14395000.0
638,15765000.0
662,10665000.0
664,11490000.0
665,10560000.0
670,12855000.0
672,11895000.0
677,11970000.0
680,10470000.0
695,9320000.0
705,9015000.0
713,6074000.0
716,5789000.0
717,6916000.0
720,13070000.0
723,13275000.0
725,14585000.0
731,7802000.0
733,7707000.0
734,12595000.0
738,13610000.0
740,12260000.0
743,12860000.0
747,12945000.0
750,13745000.0
752,12260000.0
753,8965000.0
756,10065000.0
758,9790000.0
768,15405000.0
770,12190000.0
772,9510000.0
773,10620000.0
791,13095000.0
793,13685000.0
794,10885000.0
798,12255000.0
799,8392000.0
801,13605000.0
804,13475000.0
805,12980000.0
811,9965000.0
822,12105000.0
824,11960000.0
827,10850000.0
828,10620000.0
832,10280000.0
837,10995000.0
844,9830000.0
851,9037500.0
852,9230000.0
854,9630000.0
856,12285000.0
860,10180000.0
867,6820000.0
877,9412500.0
880,5531000.0
883,9795000.0
885,7783750.0
889,11415000.0
891,8098535.714285715
894,3626000.0
897,9160000.0
898,9005000.0
899,3873000.0
904,10355000.0
906,10295000.0
907,7240000.0
910,8280000.0
915,2444500.0
917,8990000.0
919,10645000.0
925,7430000.0
928,6653785.714285715
940,3353000.0
945,9500000.0
946,8745000.0
951,8022119.0476190485
953,11380000.0
959,3394000.0
961,7190000.0
963,6296000.0
965,4864000.0
971,5284000.0
973,6530000.0
983,4415000.0
985,8895000.0
997,6277500.0
998,6273000.0
999,8825000.0
1004,2994000.0
1012,5848000.0
1014,11090000.0
1021,5282000.0
1024,8255000.0
1028,10385000.0
1034,7630000.0
1037,6291000.0
1038,12385000.0
1041,8226250.0
1043,7120000.0
1044,13165000.0
1048,12075000.0
1054,14385000.0
1058,8420000.0
1059,6415000.0
1061,11865000.0
1068,2732000.0
1070,6465000.0
1075,11130000.0
1076,3970000.0
1078,7809285.714285715
1080,7675000.0
1082,13580000.0
1084,2793000.0
1085,6530000.0
1088,10475000.0
1091,11130000.0
1094,12890000.0
1096,8820000.0
1099,9050000.0
1101,8835000.0
1103,9205000.0
1107,10320000.0
1108,10315000.0
1110,7090000.0
1117,8830000.0
1119,10120000.0
1120,8865000.0
1122,7648333.333333334
1130,14960000.0
1136,14305000.0
1137,6960000.0
1139,11680000.0
1140,10100000.0
1141,12240000.0
1144,9150000.0
1148,8712000.0
1165,7950000.0
1168,14100000.0
1174,10420000.0
1179,9610000.0
1187,10470000.0
1188,9465000.0
1190,2878000.0
1196,7410000.0
1197,4488000.0
1200,8990000.0
1201,9820000.0
1203,4948000.0
1205,8030000.0
1208,8290000.0
1212,7595000.0
1213,7310000.0
1214,10410000.0
1217,7310000.0
1224,5925000.0
1228,10070000.0
1229,6060000.0
1239,7535000.0
1240,7470000.0
1247,10250000.0
1259,11475833.333333336
1261,8435000.0
1265,8800000.0
1268,8045000.0
1269,1052700.0
1271,11995000.0
1274,8050000.0
1275,7905000.0
1276,9040000.0
1277,3719000.0
1278,8470000.0
1288,6470000.0
1291,7210000.0
1296,8655000.0
1297,6885000.0
1302,11335000.0
1304,10025000.0
1306,7525000.0
1307,3453000.0
1309,2331000.0
1310,8040000.0
1314,6630000.0
1316,8040000.0
1317,12130000.0
1323,5135000.0
1324,7505000.0
1325,8960000.0
1326,1885000.0
1331,4999000.0
1333,6074000.0
1334,6715000.0
1335,7255000.0
1337,8290000.0
1347,10100000.0
1348,5505000.0
1354,7540000.0
1355,4794000.0
1358,9890000.0
1362,8560000.0
1363,5272000.0
1375,7925000.0
1377,8740000.0
1380,10612500.000000002
1382,7150000.0
1391,4267000.0
1397,6354000.0
1400,7600000.0
1401,6730000.0
1405,11445000.0
1408,6720000.0
1409,7375000.0
1411,7155000.0
1417,5102000.0
1420,12300000.0
1421,9290000.0
1425,5920000.0
1428,5642000.0
1431,10262500.0
1436,7429000.0
1448,5498000.0
1450,6409000.0
1458,7070000.0
1459,10315000.0
1463,5506000.0
1471,10265000.0
1473,7630000.0
1474,7360000.0
1476,10180000.0
1482,7250000.0
1487,7615000.0
1491,10130000.0
1496,4462000.0
1497,8400000.0
1498,10585000.0
1504,8560000.0
1507,9370000.0
1509,7305000.0
1513,6555000.0
1518,6725000.0
1519,5135000.0
1522,7825000.0
1532,8845000.0
1534,12195000.0
1538,8495000.0
1542,7190000.0
1544,7105000.0
1549,8455000.0
1558,8005000.0
1562,6735000.0
1563,6139333.333333334
1564,7430000.0
1565,3729000.0
1568,5008000.0
1569,6760000.0
1570,4932600.0
1573,5071000.0
1574,6827833.333333334
1578,6520000.0
1580,9020000.0
1581,2652166.6666666665
1585,6129833.333333334
1591,2769833.333333334
1598,5813000.0
1600,7940000.0
1609,7095000.0
1614,7945000.0
1619,7960000.0
1628,7065000.0
1630,7000000.0
1633,6199500.0
1638,6455047.619047619
1651,2570000.0
1652,7870000.0
1659,6259000.0
1663,6980000.0
1667,1684500.0
1668,7005000.0
1670,8370000.0
1671,8520000.0
1675,5592000.0
1678,6972500.0
1681,7955000.0
1683,6411000.0
1687,7490000.0
1689,8670000.0
1690,6930000.0
1697,9695000.0
1700,6310000.0
1711,6895000.0
1713,4869000.0
1720,6490000.0
1723,10830000.0
1729,8170000.0
1730,6804500.0
1735,8305000.0
1736,6985000.0
1737,5055000.0
1738,6395000.0
1741,8430000.0
1747,9085000.0
1753,6550000.0
1755,6990000.0
1764,5209000.0
1766,8465000.0
1770,2724000.0
1775,4440600.0
1776,6462166.666666668
1783,7815000.0
1789,7495000.0
1794,7005000.0
1795,5558000.0
1799,9460000.0
1802,5519000.0
1805,688000.0
1808,8475000.0
1811,5510000.0
1812,8065000.0
1813,8115000.0
1816,8095000.0
1817,8625000.0
1820,766500.0
1828,6780000.0
1837,8245000.0
1838,8510000.0
1840,4968000.0
1841,9355000.0
1842,9260000.0
1843,5546000.0
1845,8070000.0
1847,4384000.0
1848,6482666.666666666
1853,5729000.0
1855,8050000.0
1856,7515000.0
1861,8685000.0
1864,8005000.0
1871,5417000.0
1873,4374000.0
1874,8590000.0
1875,8280000.0
1876,6462166.666666668
1877,4664000.0
1885,7500000.0
1887,6695000.0
1894,7505000.0
1896,8545000.0
1897,9305000.0
1905,6533166.666666666
1908,2761000.0
1909,10240000.0
1912,5048000.0
1918,10205000.0
1922,10040000.0
1923,6991666.666666666
1926,8280000.0
1930,5595000.0
1935,6665000.0
1949,5451000.0
1960,5509833.333333332
1967,6155500.000000001
1968,7225000.0
1969,4648000.0
1973,5727000.0
1974,5608000.0
1976,1556750.0
1977,6475416.666666666
1978,9220000.0
1982,7965000.0
1986,4021000.0
1996,6791416.666666666
2002,4035800.0
2010,8805000.0
2013,7065000.0
2014,4396000.0
2024,6000000.0
2026,1573466.6666666665
2027,7480000.0
2028,5452000.0
2031,2381500.0
2033,5725000.0
2038,7630000.0
2041,4478000.0
2047,5452000.0
2054,5887000.0
2055,7100000.0
2057,6555000.0
2059,5435000.0
2062,5985000.0
2063,6505000.0
2074,1460500.0
2077,6055000.0
2089,6990000.0
2092,7595000.0
2095,4192000.0
2099,7060000.0
2108,7140000.0
2116,3514000.0
2117,8075000.0
2120,3784000.0
2130,4748000.0
2131,1768416.666666667
2133,5398000.0
2135,4851000.0
2138,2342116.666666667
2139,7285000.0
2140,7740000.0
2143,4330000.0
2144,6073000.0
2146,5178000.0
2148,1725150.0
2153,7395000.0
2160,3195000.0
2173,5914000.0
2179,6110000.0
2180,7420000.0
2181,2342116.666666667
2182,773250.0
2183,2434500.0
2184,6440000.0
2189,2823900.0
2190,7020000.0
2191,7120000.0
2192,7405000.0
2200,5476000.0
2205,3736000.0
2206,6000000.0
2207,7040000.0
2212,4389000.0
2215,1696000.0
2219,6140000.0
2229,8425000.0
2232,5005000.0
2238,5215000.0
2241,7420000.0
2244,3835000.0
2247,615700.0
2249,6300000.0
2250,765450.0
2254,6130000.0
2255,5995000.0
2262,6010000.0
2264,6265000.0
2268,7060000.0
2269,7110000.0
2281,3142500.0
2284,7190000.0
2288,4392000.0
2296,6110000.0
2299,7025000.0
2300,7000000.0
2302,7160000.0
2305,8335000.0
2310,5228000.0
2325,5991000.0
2327,4693000.0
2332,6405000.0
2333,4389000.0
2343,6490000.0
2347,7965000.0
2350,4456000.0
2356,6275000.0
2359,9530000.0
2365,4323000.0
2370,4547000.0
2372,7455000.0
2375,5416000.0
2382,6020000.0
2383,8165000.0
2386,4157000.0
2390,6390000.0
2398,3357000.0
2403,6985000.0
2406,5460000.0
2411,4804000.0
2418,3221000.0
2419,6005000.0
2422,6580000.0
2429,5166000.0
2430,6790000.0
2431,6490000.0
2434,5201000.0
2439,6115000.0
2443,5811000.0
2445,9565000.0
2449,6905000.0
2452,4308000.0
2456,6130000.0
2459,8835000.0
2465,5482000.0
2476,4380000.0
2485,5990000.0
2488,3402000.0
2490,6770000.0
2491,6650000.0
2492,5465000.0
2501,3287500.0
2503,6500000.0
2506,5685000.0
2508,5208000.0
2510,3455000.0
2513,7005000.0
2520,5357000.0
2521,4390000.0
2525,5946666.666666668
2526,1232700.0
2529,4633000.0
2530,3973000.0
2535,1788816.6666666665
2536,3881000.0
2540,297300.0
2543,1919000.0
2547,4778000.0
2549,1137750.0
2558,4195000.0
2559,3835000.0
2562,5295000.0
2568,468750.0
2570,4005000.0
2571,3731000.0
2573,1919500.0
2575,4000000.0
2576,3107000.0
2577,2845000.0
2578,3056000.0
2581,4791000.0
2582,4051000.0
2583,5141000.0
2584,3904000.0
2586,1145750.0
2587,3950000.0
2595,2652000.0
2600,4286000.0
2603,4051000.0
2604,4627000.0
2605,3018000.0
2606,4699000.0
2610,4927000.0
2613,4420000.0
2630,4781000.0
2631,478600.0
2632,5376000.0
2652,4162000.0
2659,3388250.0
2662,5151000.0
2665,1774000.0
2667,4844000.0
2668,5458000.0
2672,3384000.0
2674,3029000.0
2675,3018000.0
2676,4293000.0
2678,3887000.0
2685,4302000.0
2689,2424000.0
2691,2742466.666666666
2694,4864000.0
2695,1926000.0
2697,3463095.2380952383
2699,4601000.0
2700,3023000.0
2701,2648350.0
2705,3949000.0
2716,2812000.0
2718,3240000.0
2721,3244000.0
2733,4645000.0
2737,1772500.0
2739,5470000.0
2748,4283000.0
2749,3717000.0
2752,3272700.0
2753,2671000.0
2755,478600.0
2765,2427260.7142857146
2766,3018000.0
2774,3890000.0
2775,4005000.0
2776,4650000.0
2777,2427260.7142857146
2779,3219200.0
2785,5410000.0
2786,6915000.0
2796,4099000.0
2797,2652100.0
2805,4958000.0
2807,4854000.0
2809,6790000.0
2810,2998000.0
2816,3326750.0
2817,4113666.666666667
2819,4925000.0
2827,3960250.0
2833,3603000.0
2835,4966000.0
2837,3308416.666666666
2841,4767000.0
2842,4962000.0
2843,4972000.0
2851,2821000.0
2854,6040000.0
2860,3239000.0
2863,2434000.0
2869,3434583.333333333
2874,1778378.5714285714
2876,1277000.0
2877,4152000.0
2878,3895000.0
2882,5880000.0
2887,3233000.0
2889,3997000.0
2890,3532000.0
2903,4530000.0
2906,2364000.0
2910,5371000.0
2912,4849000.0
2913,3090000.0
2918,4327000.0
2921,3050000.0
2922,5312000.0
2925,6805000.0
2927,3627000.0
2930,3497833.333333333
2936,3021500.0
2937,2363000.0
2943,4252000.0
2946,673000.0
2947,3047000.0
2949,445200.0
2952,3544000.0
2953,2618700.0
2955,3862000.0
2957,3260000.0
2960,3884500.0
2962,2424000.0
2963,3716000.0
2969,5482000.0
2977,3056000.0
2979,3765000.0
2980,5313000.0
2992,5433000.0
2994,4972000.0
3002,4155000.0
3008,6180000.0
3009,1754000.0
3011,3237000.0
3016,4907000.0
3022,4535000.0
3023,3884500.0
3031,3973000.0
3035,3185916.666666666
3039,4275000.0
3045,7015000.0
3048,3979000.0
3052,2987200.0
3055,4960000.0
3056,4083600.0
3058,1865166.6666666665
3068,4938000.0
3069,5253000.0
3070,6270000.0
3072,4491000.0
3073,4818000.0
3074,5427000.0
3075,4277000.0
3077,5333000.0
3080,3308416.666666666
3091,5999000.0
3102,3114000.0
3106,3360250.0
3116,3883000.0
3123,2485300.0
3124,3628000.0
3126,3929000.0
3130,3539000.0
3137,1551000.0
3139,2145000.0
3146,4585000.0
3147,4162000.0
3152,3711000.0
3160,3285000.0
3166,2911333.333333334
3168,3381000.0
3170,3407000.0
3172,4016000.0
3173,5726000.0
3176,975500.0
3177,1918000.0
3197,3400000.0
3200,4096000.0
3201,4023000.0
3204,3896000.0
3206,4296000.0
3210,3299000.0
3219,2667600.0
3220,2498000.0
3229,2524000.0
3232,5225000.0
3235,2938000.0
3236,2551000.0
3239,2228000.0
3240,707250.0
3249,3203000.0
3257,3661000.0
3260,4925000.0
3262,3975000.0
3264,2104000.0
3267,3214000.0
3268,2546000.0
3272,3620000.0
3278,4022000.0
3286,3119000.0
3290,1985000.0
3291,2477000.0
3292,4282000.0
3293,3322000.0
3296,2452600.0
3305,3199000.0
3308,2995000.0
3309,2882000.0
3315,2592600.0
3319,2891000.0
3320,2998000.0
3326,4284000.0
3330,3870000.0
3333,2896500.0
3334,5486000.0
3337,3730000.0
3341,3284000.0
3342,3489000.0
3343,2949000.0
3345,3725000.0
3346,3313000.0
3347,859950.0
3355,3350000.0
3358,2377600.0
3359,2636000.0
3361,4930000.0
3362,4462000.0
3364,897000.0
3365,2392000.0
3367,3106000.0
3369,3925000.0
3374,3703000.0
3386,2676000.0
3389,1808000.0
3390,3199000.0
3395,3307000.0
3403,3617000.0
3410,2898500.0
3411,3625000.0
3413,2399000.0
3417,3737000.0
3419,4200000.0
3425,1822000.0
3426,1810000.0
3429,681300.0
3433,2923000.0
3436,4053000.0
3445,1806000.0
3447,3313000.0
3448,4126000.0
3454,3089000.0
3461,2990000.0
3468,3989000.0
3470,2667600.0
3475,2399000.0
3482,3264000.0
3484,3108000.0
3491,6140000.0
3492,612000.0
3496,2475300.0
3500,3393000.0
3514,441600.0
3524,3973000.0
3526,3917000.0
3527,4123000.0
3528,3031000.0
3532,4258000.0
3534,3914000.0
3535,3392000.0
3539,4187000.0
3540,2719000.0
3555,3403000.0
3563,2228000.0
3569,2085000.0
3572,4176000.0
3575,3725000.0
3584,3104000.0
3588,3998000.0
3597,4030000.0
3598,3290000.0
3601,2485000.0
3612,3832000.0
3614,2842000.0
3615,1827000.0
3618,3896000.0
3625,2563000.0
3655,1317000.0
3661,2395000.0
3665,3753000.0
3666,897000.0
3675,3400000.0
3683,5640000.0
3685,2094000.0
3688,3495000.0
3690,4988000.0
3697,3001000.0
3710,1077250.0
3716,2953500.0
3727,3200000.0
3738,2605000.0
3745,2260000.0
3749,5482000.0
3754,4363000.0
3776,2822000.0
3778,5691000.0
3784,3529000.0
3786,2485000.0
3788,2234000.0
3791,3530000.0
3803,3663000.0
3809,4330000.0
3811,2561000.0
3817,3012000.0
3820,3253000.0
3824,3186000.0
3826,2380000.0
3829,632150.0
3831,3419750.0
3832,3405000.0
3836,1439000.0
3845,3122000.0
3846,2517333.3333333335
3848,2733000.0
3849,2291000.0
3857,1797000.0
3859,2388000.0
3861,2711000.0
3867,3201000.0
3876,2068000.0
3877,2389000.0
3878,636700.0
3883,1800000.0
3885,2493000.0
3889,1838000.0
3890,2383000.0
3891,2789000.0
3913,2227000.0
3920,3768000.0
3922,1393500.0
3930,2219000.0
3931,3288333.333333333
3934,4089000.0
3941,2949250.0
3942,750775.0
3945,2398000.0
3950,194550.0
3951,972437.5
3959,366500.0
3960,909000.0
3962,1448750.0
3972,4135000.0
3982,1800000.0
3984,2735000.0
3986,1769000.0
3988,2994000.0
3989,3314000.0
3990,2650916.666666667
3991,2380000.0
3995,1697000.0
3997,2298000.0
4000,2648916.666666667
4002,2106000.0
4007,1800000.0
4010,2471000.0
4012,3182000.0
4013,1562000.0
4019,2185000.0
4028,160450.0
4032,2630000.0
4035,2460000.0
4038,2308000.0
4040,3452000.0
4042,2300000.0
4046,3026000.0
4054,2549633.333333333
4065,3953000.0
4073,1564000.0
4074,968416.6666666665
4084,1779000.0
4106,2486000.0
4108,1132250.0
4109,1113750.0
4110,3778500.0
4111,2393000.0
4112,2735000.0
4113,1428000.0
4115,715875.0
4119,1997000.0
4123,3178000.0
4129,2279000.0
4131,1790000.0
4133,1440000.0
4138,3043000.0
4143,1985000.0
4146,1985000.0
4151,1751000.0
4161,968416.6666666665
4163,2308000.0
4166,639850.0
4168,2497000.0
4171,1801000.0
4180,2197000.0
4185,1811000.0
4189,3059666.666666666
4190,1423000.0
4191,2498000.0
4197,1791000.0
4201,1793000.0
4208,2417000.0
4213,1560000.0
4219,3513000.0
4221,3036000.0
4226,1427000.0
4233,2311000.0
4241,1421000.0
4245,3351000.0
4256,2248000.0
4261,2506333.3333333335
4262,3185000.0
4268,418400.0
4274,303200.0
4278,1697000.0
4279,2279000.0
4280,3190000.0
4289,2398000.0
4291,2685000.0
4294,2592000.0
4301,3117666.666666666
4308,2339000.0
4310,3468750.0
4312,2767000.0
4315,2509000.0
4321,2744000.0
4325,2289000.0
4326,2020000.0
4327,1808000.0
4328,781000.0
4329,2319000.0
4341,1782000.0
4343,2328000.0
4349,2471833.3333333335
4350,1427000.0
4357,1998000.0
4359,1796000.0
4362,556500.0
4364,1758000.0
4366,1899000.0
4369,573500.0
4376,2793000.0
4380,2986733.333333334
4381,2411000.0
4383,1113750.0
4388,1823000.0
4395,3770000.0
4396,2709666.666666666
4407,1464000.0
4414,2459000.0
4415,1607000.0
4416,3280000.0
4419,698041.6666666667
4425,2486000.0
4427,3155000.0
4432,1758000.0
4433,2505000.0
4435,3122000.0
4440,3201000.0
4441,759666.6666666667
4443,1606000.0
4446,3781000.0
4454,2804000.0
4462,2228000.0
4474,2884333.333333333
4481,927500.0
4484,3773000.0
4489,2076000.0
4491,1899000.0
4492,2465000.0
4505,1286500.0
4510,1425000.0
4520,2222000.0
4521,2320000.0
4522,2307000.0
4529,931816.6666666667
4531,1572000.0
4532,1865000.0
4557,2188000.0
4561,2218000.0
4562,2235000.0
4564,1587166.666666667
4566,1085000.0
4571,2300000.0
4581,2362000.0
4584,3745333.333333334
4585,1968000.0
4590,2148000.0
4594,2005200.0
4595,1407000.0
4596,1892000.0
4598,2000000.0
4601,2188000.0
4604,3000000.0
4605,2804333.333333333
4610,1941000.0
4618,1756000.0
4619,2105000.0
4620,1359000.0
4623,2767000.0
4628,1516000.0
4635,1716000.0
4645,1311750.0
4652,2345000.0
4654,1397000.0
4655,2300000.0
4656,1902000.0
4657,707816.6666666667
4661,710200.0
4662,1247000.0
4663,738000.0
4665,2173000.0
4670,1978000.0
4671,1985000.0
4672,2267000.0
4675,1296000.0
4676,1402000.0
4678,2276000.0
4681,1200000.0
4684,1795000.0
4687,1200000.0
4697,2767000.0
4705,2011833.333333333
4707,1981000.0
4714,1784333.3333333335
4715,1802000.0
4717,1521000.0
4721,1395000.0
4725,2175000.0
4726,1584000.0
4730,2392000.0
4732,1898000.0
4734,1780000.0
4735,1400000.0
4741,1809000.0
4750,1991000.0
4757,1623000.0
4760,1958000.0
4765,1433000.0
4767,1216750.0
4769,1718000.0
4770,948000.0
4773,1385000.0
4775,868500.0
4779,1892000.0
4783,3810000.0
4787,1400000.0
4794,2132000.0
4796,2125000.0
4797,1635000.0
4801,2193000.0
4806,1993000.0
4808,2370000.0
4814,3151916.666666667
4820,1676000.0
4825,1794466.6666666665
4828,2079000.0
4840,1016750.0
4844,2396000.0
4845,1902000.0
4846,1837000.0
4851,2498000.0
4862,2396000.0
4864,1699000.0
4871,1893983.3333333335
4872,2443000.0
4874,1521000.0
4877,1334000.0
4878,1892000.0
4886,961541.6666666665
4888,1413250.0
4893,1521000.0
4900,2123000.0
4921,1930333.333333333
4929,1399000.0
4934,1785000.0
4935,2595000.0
4938,1063750.0
4949,1574000.0
4951,1634000.0
4952,1488000.0
4955,2233000.0
4963,2490000.0
4977,1606000.0
4984,1776000.0
4987,1376500.0
4991,1443000.0
5001,1115750.0
5002,2264000.0
5011,2207000.0
5012,1886000.0
5015,2000000.0
5018,1155000.0
5022,2511000.0
5024,2101000.0
5027,2724000.0
5031,2188000.0
5042,1882633.333333333
5043,3816500.0
5044,1396000.0
5048,2350000.0
5054,2654000.0
5055,2703000.0
5056,2498000.0
5059,1410000.0
5065,1200000.0
5066,1796000.0
5070,2502000.0
5072,1465000.0
5078,1337000.0
5083,699733.3333333335
5100,2482000.0
5101,333050.0
5104,1311750.0
5106,1992000.0
5107,1625000.0
5108,2283000.0
5112,1657000.0
5117,2714000.0
5118,1400000.0
5120,2101000.0
5124,1400000.0
5128,1904333.333333333
5132,1728000.0
5134,1479333.333333333
5137,2233000.0
5139,1706000.0
5141,2771000.0
5147,1732333.333333333
5148,1400000.0
5158,2073333.333333333
5162,1555000.0
5164,3801000.0
5170,1239000.0
5171,1794000.0
5176,1865000.0
5180,2070000.0
5181,2268000.0
5182,1510000.0
5188,1978000.0
5197,2129000.0
5198,2406000.0
5201,1840400.0
5215,513166.6666666666
5216,2479000.0
5217,2152000.0
5220,1676000.0
5221,1795000.0
5223,2000000.0
5226,1400000.0
5227,2240000.0
5233,2324000.0
5239,2002000.0
5240,2890066.666666667
5242,1619000.0
5243,3141483.333333333
5245,1809000.0
5247,1438000.0
5252,1833000.0
5255,2498000.0
5260,1918000.0
5264,986250.0
5269,2525000.0
5272,1401750.0
5276,2597000.0
5282,1695000.0
5286,2538000.0
5290,1986000.0
5291,2391000.0
5296,1904066.6666666665
5303,1763000.0
5304,1398000.0
5309,1773333.3333333335
5317,2280000.0
5319,2212000.0
5322,1010500.0
5324,738500.0
5325,1205000.0
5329,2615000.0
5330,3671333.333333334
5333,2757316.666666667
5334,2867866.666666667
5340,1218750.0
5342,277800.0
5346,2363000.0
5349,1549000.0
5350,1503000.0
5355,2375000.0
5360,1590000.0
5374,1343000.0
5376,2728000.0
5377,2285000.0
5389,577250.0
5393,1014750.0
5395,1940000.0
5396,1503000.0
5397,2723000.0
5398,912270.8333333333
5399,1353728.5714285714
5401,1660000.0
5402,1618000.0
5405,1151250.0
5413,2127000.0
5417,1229670.238095238
5418,2031000.0
5419,1240933.3333333333
5426,875250.0
5429,600391.6666666666
5431,1092000.0
5432,1067750.0
5436,1478666.666666667
5439,1029500.0
5440,670250.0
5455,592500.0
5456,999750.0
5468,844750.0
5469,660250.0
5472,698000.0
5473,803500.0
5475,1215500.0
5481,415125.0
5482,1055941.6666666667
5490,700000.0
5494,1086612.5
5499,1732000.0
5504,1103000.0
5513,255404.1666666667
5528,1055000.0
5535,1595000.0
5542,1082575.0
5543,1086612.5
5546,870916.6666666667
5547,1117000.0
5552,436450.0
5553,577566.6666666667
5557,991695.5357142857
5558,1300500.0
5566,1244750.0
5567,769250.0
5576,623000.0
5583,842233.3333333333
5585,265154.1666666667
5590,898500.0
5594,253954.1666666667
5602,1628000.0
5603,1020500.0
5610,876750.0
5620,1084000.0
5623,1088000.0
5641,1398000.0
5647,1269000.0
5649,993637.5
5660,1425000.0
5661,1278000.0
5668,1020500.0
5673,1226000.0
5675,698000.0
5676,1099000.0
5682,1173333.3333333333
5686,1202000.0
5689,590718.4523809524
5696,827145.8333333335
5713,1384000.0
5715,1695000.0
5717,1033500.0
5724,610333.3333333334
5729,990250.0
5733,1001000.0
5737,2107000.0
5740,653750.0
5741,948500.0
5750,996566.6666666667
5758,845562.5
5759,1180000.0
5763,1231499.9999999998
5764,984487.5
5776,1220000.0
5777,868000.0
5780,756250.0
5783,844750.0
5784,1191000.0
5788,1202000.0
5790,948000.0
5792,592224.9999999999
5794,1239833.3333333333
5799,628000.0
5807,1097750.0
5808,1082575.0
5812,312591.6666666667
5813,1359083.3333333335
5819,1244166.6666666667
5824,1100000.0
5826,1206000.0
5838,1405000.0
5840,1250000.0
5851,1229850.0000000002
5852,1088312.5
5861,1199833.3333333335
5863,770250.0
5870,1189250.0
5871,773750.0
5872,1090562.5
5878,1507000.0
5888,431150.0
5893,1171983.333333333
5902,1289000.0
5905,1597000.0
5907,1323800.0
5909,825250.0
5922,304420.8333333334
5926,180333.33333333337
5929,1362666.666666667
5933,1515000.0
5940,1233000.0
5948,630250.0
5949,704658.3333333335
5955,577566.6666666667
5956,312591.6666666667
5959,1414000.0
5962,613499.9999999999
5963,1191083.333333333
5965,520750.0
5966,1376000.0
5968,1498000.0
5969,943500.0
5970,1158000.0
5971,1860000.0
5972,773500.0
5974,1363800.0
5975,1304000.0
5977,1409000.0
5981,1665000.0
5983,1681000.0
5986,1196000.0
5988,872416.6666666667
5990,1001000.0
5997,989750.0
5998,707500.0
6002,676250.0
6008,828020.8333333335
6010,809166.6666666665
6013,413800.0
6016,184733.33333333337
6031,758000.0
6032,1408000.0
6036,824500.0
6037,670500.0
6038,1294000.0
6041,1300000.0
6046,824500.0
6047,844750.0
6058,937250.0
6063,670250.0
6065,738250.0
6066,1439000.0
6081,1100000.0
6085,1089000.0
6086,1100000.0
6088,818875.0
6090,1448000.0
6093,706000.0
6095,769500.0
6098,1263000.0
6099,1228216.6666666665
6104,950000.0
6105,1083000.0
6111,1665000.0
6115,1427000.0
6116,1299000.0
6122,1000375.0
6131,998375.0
6135,1468000.0
6136,1519000.0
6140,609083.3333333334
6141,1203000.0
6142,1098750.0
6143,623000.0
6144,1082575.0
6145,1322300.0
6151,1083416.6666666665
6152,698000.0
6154,1070750.0
6161,588733.3333333333
6162,1232000.0
6169,996935.4166666665
6170,1299000.0
6173,924866.6666666667
6181,1309000.0
6184,1098750.0
6185,954000.0
6187,891750.0
6192,1349950.0
6194,958000.0
6200,1628000.0
6202,1457000.0
6203,825166.6666666667
6204,830000.0
6212,1390000.0
6213,862250.0
6215,299916.6666666666
6217,1001000.0
6218,1100000.0
6221,1653000.0
6226,1642000.0
6227,1887000.0
6228,878750.0
6229,614000.0
6236,848750.0
6237,303016.6666666666
6238,1756000.0
6245,1298000.0
6250,1199000.0
6252,1221000.0
6254,1676000.0
6258,1474000.0
6260,1579000.0
6262,338483.3333333334
6274,1101000.0
6281,824500.0
6285,897862.5
6288,1276083.3333333333
6300,1020500.0
6302,1202000.0
6307,1002500.0
6308,1298300.0
6311,420625.0
6317,1805000.0
6328,1292000.0
6331,890000.0
6333,964691.6666666665
6335,1200000.0
6343,925250.0
6344,1322000.0
6349,289150.0
6353,1092238.0952380951
6355,967000.0
6359,757500.0
6367,1105000.0
6368,1735000.0
6369,945875.0
6370,979500.0
6373,1169000.0
6382,865750.0
6385,1004500.0
6386,877000.0
6387,805750.0
6389,672250.0
6394,1299000.0
6411,450200.0
6413,1278000.0
6417,995750.0
6423,717125.0
6425,1225000.0
6444,452400.0
6449,1622000.0
6455,906750.0
6460,1100000.0
6467,918125.0
6470,698412.5
6476,949000.0
6479,1100000.0
6480,1582000.0
6486,526500.0
6487,1200000.0
6493,818800.0
6497,955000.0
6499,953062.5
6501,613500.0
6503,526000.0
6505,608875.0
6507,839500.0
6511,948562.5
6512,889077.9761904761
6521,1091000.0
6522,940929.1666666665
6532,904250.0
6534,744000.0
6536,367750.0
6538,780750.0
6541,889750.0
6550,1109000.0
6561,454000.0
6564,1570000.0
6569,607916.6666666666
6577,901500.0
6579,591489.2857142858
6583,889077.9761904761
6587,1045225.0
6592,890525.0
6603,252310.0
6607,1200000.0
6613,947750.0
6626,846000.0
6647,651916.6666666667
6650,1093750.0
6657,1035000.0
6663,711791.6666666667
6672,1365000.0
6677,591489.2857142858
6678,894745.8333333333
6681,657250.0
6683,658750.0
6685,736500.0
6689,594033.3333333335
6691,778000.0
6692,851750.0
6699,1101000.0
6709,524500.0
6719,683500.0
6731,525000.0
6738,978000.0
6739,893500.0
6740,863750.0
6746,920000.0
6751,995000.0
6755,643958.3333333334
6756,923000.0
6757,1043750.0
6768,960500.0
6779,1194000.0
6780,824750.0
6782,1457000.0
6783,1115000.0
6787,1301000.0
6788,547250.0
6795,1075750.0
6799,940929.1666666665
6804,854291.6666666665
6811,1917000.0
6813,392150.0
6814,940750.0
6816,995500.0
6824,850300.0
6825,216375.0
6826,366500.0
6827,594504.1666666667
6835,1063666.6666666667
6845,1191000.0
6851,715750.0
6852,1328000.0
6858,863500.0
6862,854291.6666666665
6866,915000.0
6867,923000.0
6868,803000.0
6880,975000.0
6883,854291.6666666665
6899,1238000.0
6901,1089666.6666666665
6902,1095000.0
6907,900250.0
6914,1110250.0
6916,1191000.0
6917,659250.0
6932,954375.0
6936,1454000.0
6947,886250.0
6949,894766.6666666665
6950,929000.0
6954,784250.0
6971,1596000.0
6973,1064750.0
6974,1009000.0
6982,1447000.0
6983,710333.3333333335
6998,1030500.0
7006,1201000.0
7008,804000.0
7030,757750.0
7036,688275.0000000001
7037,672250.0
7038,1053250.0
7043,1779000.0
7051,1368000.0
7053,1096083.3333333333
7059,895250.0
7060,1489000.0
7062,840500.0
7067,1878000.0
7070,903750.0
7076,1167000.0
7078,1586000.0
7079,71000.0
7084,999000.0
7090,1003750.0
7091,1080500.0
7093,1730000.0
7100,1100250.0
7104,680276.7857142858
7108,802000.0
7111,999750.0
7112,859750.0
7115,922625.0
7117,656750.0
7127,830904.1666666667
7133,706187.5
7136,1198000.0
7138,844083.3333333333
7145,879300.0
7146,722750.0
7151,454750.0
7163,924500.0
7171,252310.0
7173,797250.0
7187,1707000.0
7193,1300000.0
7195,591458.3333333334
7201,1260000.0
7208,851750.0
7211,826250.0
7213,405500.0
7221,1191000.0
7223,794750.0
7233,1238250.0
7235,691770.8333333335
7236,1111000.0
7244,714062.5
7245,1279000.0
7248,823500.0
7249,716125.0
7252,739000.0
7261,451200.0
7271,1866000.0
7272,799000.0
7275,372700.0
7292,775000.0
7295,1207000.0
7300,904500.0
7302,827750.0
7304,627375.0
7312,723745.8333333335
7314,916750.0
7325,976000.0
7329,1091750.0
7330,973500.0
7334,1197000.0
7336,591500.0
7340,230200.0
7341,900750.0
7351,669500.0
7356,890283.3333333333
7360,593750.0
7364,780875.0
7372,703000.0
7373,583750.0
7383,775000.0
7385,238985.7142857143
7394,827850.0
7398,893500.0
7401,368550.0
7408,872250.0
7409,1202000.0
7410,696772.0238095239
7417,1097000.0
7418,604500.0
7419,630583.3333333334
7429,1256000.0
7444,806375.0
7450,1358000.0
7454,904000.0
7459,230000.0
7462,760312.5
7466,442750.0
7469,895329.1666666665
7478,304250.0
7493,900750.0
7502,350230.0
7504,858750.0
7511,601541.6666666666
7512,892125.0
7515,230000.0
7520,1173000.0
7523,106400.0
7524,629000.0
7527,1302000.0
7544,714000.0
7554,1649000.0
7555,1014000.0
7559,780716.6666666667
7560,895250.0
7564,1432000.0
7569,1094250.0
7571,1538000.0
7579,1080916.6666666667
7583,950500.0
7584,1007250.0
7586,941750.0
7598,1000750.0
7605,1076500.0
7612,646166.6666666667
7614,777000.0
7615,788000.0
7616,908750.0
7618,798012.5000000001
7620,707250.0
7623,999250.0
7627,750250.0
7630,976250.0
7631,731250.0
7632,780508.3333333333
7636,858750.0
7643,1072000.0
7644,178033.3333333333
7647,947741.6666666667
7650,623255.9523809523
7651,713750.0
7653,914250.0
7657,230800.0
7658,970812.5
7667,1117000.0
7676,850500.0
7677,976250.0
7683,1194000.0
7689,958715.4761904764
7703,1195000.0
7705,786250.0
7710,508000.0
7712,675000.0
7722,724750.0
7729,892000.0
7731,889923.8095238094
7733,799875.0
7735,606500.0
7741,599229.1666666667
7746,731500.0
7750,828500.0
7751,599250.0
7757,694495.8333333335
7759,1383000.0
7772,858250.0
7773,791250.0
7785,749000.0
7789,1001750.0
7801,998500.0
7806,977312.5
7809,1296000.0
7818,1087000.0
7819,892482.1428571428
7823,576250.0
7825,830000.0
7828,994575.0
7829,575000.0
7831,607500.0
7834,1003000.0
7835,713750.0
7840,794375.5952380953
7842,310850.0
7846,1302000.0
7850,1122750.0
7851,739625.0
7856,715750.0
7865,1310000.0
7871,882416.6666666665
7886,1058416.6666666667
7891,1100000.0
7893,1256000.0
7895,1010750.0
7898,1023750.0
7902,805750.0
7907,300450.0
7909,749000.0
7915,1176000.0
7916,854750.0
7917,894250.0
7929,383950.0
7931,158391.66666666666
7937,787500.0
7938,724500.0
7940,751000.0
7941,664000.0
7945,630500.0
7946,992354.1666666667
7955,798012.5000000001
7956,1101250.0
7960,523750.0
7961,1104000.0
7962,713000.0
7967,818348.8095238096
7968,906000.0
7978,819250.0
7979,106233.33333333331
7987,799000.0
7991,298012.5
8000,1593000.0
8004,614480.9523809524
8006,1195000.0
8007,670500.0
8011,782250.0
8014,900000.0
8029,994000.0
8036,1002750.0
8037,487648.8095238095
8042,872020.8333333333
8043,735750.0
8047,747000.0
8053,1186000.0
8057,600500.0
8065,927625.0
8068,1585000.0
8075,780625.0
8078,1574000.0
8093,508000.0
8094,1095500.0
8097,1286000.0
8103,1060500.0
8107,882392.8571428572
8110,230950.0
8115,782979.1666666667
8119,1002250.0
8120,837694.6428571428
8122,881750.0
8132,872250.0
8134,842000.0
8136,640500.0
8148,752000.0
8163,927625.0
8165,1100000.0
8177,617750.0
8182,1006583.3333333333
8185,599250.0
8192,573514.880952381
8199,1073250.0
8200,709500.0
8208,600500.0
8213,827500.0
8216,749250.0
8222,1038750.0
8223,177833.3333333333
8234,1198250.0
8243,259891.6666666667
8251,1495000.0
8254,326550.0
8256,1067000.0
8259,1302000.0
8267,825250.0
8271,892000.0
8272,1094250.0
8273,599250.0
8274,522875.0
8279,1075900.0000000002
8283,1194000.0
8284,1196000.0
8285,104833.33333333331
8302,998000.0
8304,1005000.0
8306,991574.9999999999
8309,1083000.0
8315,268800.0
8317,631446.4285714286
8327,971017.857142857
8345,919250.0
8352,484500.0
8360,835750.0
8362,1396000.0
8363,819750.0
8365,483000.0
8367,665221.4285714286
8369,375500.0
8370,527541.6666666667
8371,270450.0
8373,673166.6666666667
8374,645000.0
8378,708750.0
8384,279596.6666666666
8387,725000.0
8390,597750.0
8394,548750.0
8395,869500.0
8396,1137000.0
8400,1141000.0
8401,708750.0
8402,977980.357142857
8405,893000.0
8407,554208.3333333335
8411,919000.0
8413,851625.0
8419,1027250.0
8420,591000.0
8425,726000.0
8428,256800.0
8431,742500.0
8442,608363.0952380953
8448,1244000.0
8449,424500.0
8455,288835.0
8458,1259000.0
8467,723000.0
8468,424000.0
8478,858000.0
8479,976083.3333333335
8483,841750.0
8485,790750.0
8490,699250.0
8496,424500.0
8498,988462.5
8500,631446.4285714286
8504,763250.0
8505,732500.0
8510,1265000.0
8520,769000.0
8522,482500.0
8533,780000.0
8540,1388000.0
8547,815500.0
8560,377375.0
8569,805750.0
8580,673750.0
8583,1314000.0
8591,661008.9285714286
8594,394166.66666666674
8598,1010250.0
8603,1062250.0
8611,535080.3571428572
8617,1395000.0
8622,852500.0
8624,760500.0
8635,255650.0
8636,691500.0
8637,769000.0
8642,951208.3333333335
8643,523500.0
8644,853250.0
8648,985000.0
8662,219758.3333333333
8670,1128750.0
8672,849250.0
8675,1108500.0
8676,1006000.0
8677,499750.0
8689,819750.0
8690,502750.0
8691,570500.0
8698,600750.0
8702,792250.0
8703,877500.0
8705,84400.0
8712,684750.0
8716,818750.0
8717,749750.0
8718,546750.0
8719,791250.0
8721,424000.0
8724,492750.0
8731,758500.0
8736,602250.0
8746,272616.6666666667
8749,727250.0
8756,849250.0
8757,882250.0
8761,345750.0
8762,1384000.0
8763,947250.0
8772,985416.6666666665
8773,298900.0
8774,674750.0
8780,552895.8333333334
8781,1065500.0
8783,617500.0
8784,660250.0
8786,865500.0
8792,612750.0
8793,873250.0
8799,345750.0
8800,250750.0
8809,769750.0
8814,486750.0
8816,286650.0
8824,1027250.0
8826,755000.0
8829,614625.0
8832,240000.0
8834,753250.0
8835,678500.0
8837,882750.0
8844,596000.0
8846,772000.0
8851,1065500.0
8859,985500.0
8861,617937.5
8862,683000.0
8865,385000.0
8868,674750.0
8871,940000.0
8873,724500.0
8884,481662.4999999998
8892,323950.0
8898,258250.0
8902,393791.66666666674
8906,679250.0
8908,839500.0
8909,427750.0
8913,678000.0
8915,1321000.0
8916,756250.0
8917,827500.0
8922,947250.0
8925,633800.5952380953
8930,655000.0
8934,776250.0
8938,378750.0
8940,1050000.0
8949,650750.0
8951,1295000.0
8953,255650.0
8958,664895.8333333334
8962,558250.0
8973,868750.0
8976,780000.0
8982,885750.0
8986,675750.0
8987,996750.0
8989,791750.0
8991,510000.0
8993,199050.0
9001,624250.0
9009,749750.0
9015,1003250.0
9016,994583.3333333336
9020,323596.6666666667
9023,829750.0
9024,1124000.0
9027,598625.0
9028,514000.0
9033,915916.6666666665
9038,640750.0
9042,821500.0
9048,946875.0
9055,649520.8333333334
9062,560224.9999999999
9068,978816.6666666667
9069,308146.6666666666
9070,587500.0
9072,712750.0
9073,545750.0
9075,392516.6666666666
9076,580000.0
9077,636500.0
9079,587791.6666666667
9080,620250.0
9082,701000.0
9089,847500.0
9100,787500.0
9101,681250.0
9108,589329.1666666667
9113,817250.0
9117,842500.0
9126,1196000.0
9132,475750.0
9135,551479.1666666666
9137,825833.3333333333
9141,579666.6666666666
9148,780250.0
9153,770500.0
9159,781750.0
9170,777000.0
9172,259900.0
9173,535080.3571428572
9176,724750.0
9192,250750.0
9194,1044333.3333333335
9200,205100.0
9210,309953.3333333333
9225,201450.0
9231,905250.0
9233,197100.0
9237,978416.6666666667
9239,602312.5
9242,826000.0
9247,1033250.0
9248,866750.0
9253,980520.8333333333
9277,498750.0
9281,698250.0
9283,533375.0000000001
9293,671625.0
9297,288835.0
9298,780250.0
9304,258416.6666666667
9306,710000.0
9309,586000.0
9337,734125.0
9341,850250.0
9343,673000.0
9346,675250.0
9347,677083.3333333335
9351,592250.0
9352,911500.0
9359,375500.0
9365,860000.0
9367,977980.357142857
9368,520979.1666666666
9371,673750.0
9374,424500.0
9377,700000.0
9383,1128000.0
9385,821000.0
9398,676500.0
9401,770500.0
9405,885250.0
9411,432810.41666666657
9412,741500.0
9419,591750.0
9424,220950.0
9430,843000.0
9431,1070500.0
9437,512666.6666666666
9439,653250.0
9441,1136000.0
9442,627125.0
9453,577750.0
9457,608000.0
9460,335500.0
9465,1024000.0
9483,433000.0
9484,427541.6666666666
9489,954000.0
9491,910000.0
9504,498750.0
9506,676750.0
9508,543750.0
9513,1119000.0
9517,595000.0
9520,867750.0
9522,566250.0
9533,1101000.0
9542,1047750.0
9543,326250.0
9548,577000.0
9550,360250.0
9560,427500.0
9563,658750.0
9581,649250.0
9582,305750.0
9585,400000.0
9589,773750.0
9590,527250.0
9593,792000.0
9604,776250.0
9611,751000.0
9613,759750.0
9619,445250.0
9633,235700.0
9638,373000.0
9646,327250.0
9654,579750.0
9656,513500.0
9663,789250.0
9671,1119500.0
9674,700500.0
9675,675000.0
9676,350750.0
9677,650250.0
9679,658250.0
9694,125741.66666666666
9698,218800.0
9704,592437.5
9707,548250.0
9710,770750.0
9711,919000.0
9713,857750.0
9718,570000.0
9723,448687.5
9737,855750.0
9738,696583.3333333333
9739,552041.6666666667
9741,582750.0
9755,624750.0
9758,215250.0
9766,725750.0
9774,860250.0
9779,531583.3333333334
9781,739541.6666666667
9787,698937.5000000001
9790,518000.0
9800,550500.0
9801,612000.0
9808,537000.0
9811,988250.0
9813,750500.0
9814,560750.0
9821,776500.0
9825,378416.6666666666
9828,773250.0
9833,470250.0
9838,675000.0
9839,531000.0
9840,582750.0
9849,750500.0
9850,789250.0
9857,417750.0
9860,871000.0
9861,1129000.0
9864,538500.0
9865,1083500.0
9866,547666.6666666667
9868,666500.0
9872,802750.0
9880,558250.0
9882,600916.6666666666
9888,678500.0
9891,529083.3333333333
9900,502749.99999999994
9901,499916.66666666674
9904,550500.0
9905,517000.0
9907,400000.0
9911,266625.0
9917,437247.9166666666
9918,863250.0
9919,651500.0
9921,599750.0
9928,590491.6666666667
9935,625000.0
9938,525750.0
9946,1150000.0
9947,437247.9166666666
9959,616375.0
9963,43700.0
9970,594750.0
9972,443000.0
9975,580187.5
9992,915250.0
9993,594500.0
9995,910500.0
10005,637691.6666666666
10017,675000.0
10019,650500.0
10023,468416.6666666666
10024,453833.3333333334
10030,1111000.0
10031,500000.0
10033,707750.0
10034,476750.0
10039,538500.0
10043,607841.6666666667
10051,742000.0
10072,604541.6666666666
10080,455583.3333333334
10084,650000.0
10087,375750.0
10101,650500.0
10102,715125.0
10105,506583.3333333334
10109,515083.33333333326
10110,640750.0
10113,533916.6666666666
10116,612250.0
10125,472750.0
10134,725000.0
10141,775250.0
10142,786500.0
10147,575937.5
10149,416000.0
10152,596408.3333333334
10156,427562.5
10162,577750.0
10164,553000.0
10165,543750.0
10178,717770.8333333335
10179,226108.33333333337
10181,649750.0
10185,551750.0
10186,616250.0
10187,797750.0
10195,636541.6666666666
10205,453250.0
10208,636916.6666666666
10214,186950.0
10216,460500.0
10222,453500.0
10226,400000.0
10229,623750.0
10240,596408.3333333334
10242,765750.0
10245,703500.0
10249,1111000.0
10262,619000.0
10266,554250.0
10267,1002000.0
10269,128151.66666666664
10275,700000.0
10282,589250.0
10287,93050.0
10288,600000.0
10303,538500.0
10308,841750.0
10322,524541.6666666666
10323,464250.0
10326,770750.0
10329,650000.0
10344,622750.0
10348,530500.0
10349,500000.0
10350,560458.3333333333
10353,794250.0
10356,375750.0
10362,542500.0
10375,143000.0
10388,402750.0
10389,599250.0
10390,723000.0
10391,574500.0
10392,569000.0
10397,607250.0
10411,737250.0
10418,143000.0
10423,301800.0
10434,500750.0
10437,439750.0
10449,78700.0
10453,838500.0
10457,501000.0
10460,121100.0
10462,78300.0
10463,385000.0
10468,525500.0
10469,452500.0
10478,325000.0
10483,351250.0
10486,456583.3333333334
10487,669000.0
10489,500500.0
10494,508500.0
10498,488570.8333333334
10505,468833.3333333334
10515,576750.0
10516,596250.0
10518,670416.6666666667
10521,846500.0
10523,575000.0
10527,945000.0
10533,770750.0
10539,607250.0
10541,425000.0
10544,523500.0
10545,529250.0
10551,443250.0
10555,500000.0
10557,470416.6666666666
10558,617250.0
10573,770500.0
10584,100900.0
10591,325250.0
10595,602000.0
10608,450125.0
10613,575250.0
10616,525250.0
10617,953250.0
10621,563750.0
10623,639500.0
10629,351000.0
10632,515250.0
10641,642500.0
10644,960500.0
10645,423916.66666666674
10658,660750.0
10659,678937.5
10663,529000.0
10665,438500.0
10683,525000.0
10693,394000.0
10695,499250.0
10697,432500.0
10706,500000.0
10707,776250.0
10714,880750.0
10715,581250.0
10725,399250.0
10727,416750.0
10729,121100.0
10733,600000.0
10745,572750.0
10752,505750.0
10755,726500.0
10757,462621.4285714286
10759,443125.0
10764,501250.0
10772,640750.0
10781,475000.0
10783,774000.0
10785,426500.0
10789,443250.0
10791,152900.0
10792,370750.0
10797,873750.0
10801,500000.0
10806,160200.0
10808,575000.0
10811,259200.0
10813,374399.99999999994
10817,715750.0
10821,474500.0
10823,403000.0
10829,625687.5
10840,454833.33333333326
10843,650537.5
10847,202700.0
10855,815500.0
10857,766000.0
10861,351000.0
10865,675500.0
10866,301000.0
10869,350000.0
10875,372000.0
10881,423000.0
10883,325000.0
10884,524250.0
10888,397250.0
10892,621250.0
10894,675000.0
10895,668541.6666666667
10901,645500.0
10902,524500.0
10905,821750.0
10911,453000.0
10915,579250.0
10918,489033.3333333334
10919,425250.0
10926,472750.0
10927,575000.0
10930,719500.0
10932,351250.0
10935,319850.0
10937,455750.0
10938,443125.0
10945,417583.33333333326
10946,409187.5
10947,675500.0
10948,746750.0
10949,417750.0
10952,955250.0
10954,70900.0
10959,545000.0
10976,518500.0
10977,791500.0
10980,614500.0
10981,459000.0
10984,185100.0
10993,300500.0
11005,453750.0
11011,544250.0
11023,509275.0
11037,728500.0
11038,374500.0
11039,294000.0
11041,444750.0
11044,385750.0
11049,302000.0
11051,753250.0
11059,442916.6666666666
11071,600000.0
11073,521750.0
11083,368500.0
11084,830750.0
11086,534250.0
11091,925000.0
11092,545500.0
11093,418916.66666666674
11097,525000.0
11110,448666.6666666666
11115,513500.0
11117,595750.0
11120,399000.0
11121,499187.5
11123,661850.0
11124,672562.5
11127,442500.0
11137,351500.0
11145,442125.0
11146,960750.0
11152,490916.6666666666
11154,673000.0
11155,525250.0
11156,849000.0
11157,608187.5
11158,273550.0
11161,534500.0
11167,600000.0
11169,628500.0
11170,600000.0
11171,300500.0
11173,470750.0
11177,478375.0
11183,300500.0
11190,768750.0
11191,458750.0
11200,280600.0
11205,472500.0
11211,675500.0
11230,457916.66666666674
11232,500500.0
11233,427500.0
11236,646166.6666666666
11237,681500.0
11244,120250.0
11259,616250.0
11261,522500.0
11265,481000.0
11272,532750.0
11278,808750.0
11283,259800.0
11284,616000.0
11292,730000.0
11294,404750.0
11305,483250.0
11307,467588.0952380952
11311,420833.3333333334
11314,569750.0
11320,325000.0
11321,375000.0
11323,656500.0
11337,405500.0
11343,469250.0
11345,487250.0
11347,626975.0000000001
11356,428000.0
11363,380250.0
11375,323600.0
11377,307635.7142857143
11382,599500.0
11383,648500.0
11385,484750.0
11386,423500.0
11391,460000.0
11399,497500.0
11400,408250.0
11405,554750.0
11407,563000.0
11408,258400.0
11410,127400.0
11412,374000.0
11416,702750.0
11419,524000.0
11422,593500.0
11423,158000.0
11425,425750.0
11427,633750.0
11432,372900.0
11434,552000.0
11436,268600.0
11440,308600.0
11442,402250.0
11452,598750.0
11453,728000.0
11458,522000.0
11463,158000.0
11464,790000.0
11471,411000.0
11481,481500.0
11507,268400.0
11510,646500.0
11511,614250.0
11514,343600.0
11515,620000.0
11516,593750.0
11517,404000.0
11519,632000.0
11525,497750.0
11526,410500.0
11533,633750.0
11534,470500.0
11539,597250.0
11540,303820.0
11545,437500.0
11546,480500.0
11547,774000.0
11551,221900.0
11554,474250.0
11555,300941.6666666666
11561,47300.0
11567,524250.0
11575,427500.0
11578,350000.0
11580,366100.0
11584,352250.0
11590,349150.0
11593,482500.0
11595,333075.0
11598,349250.0
11599,574000.0
11601,108200.0
11610,623000.0
11612,597750.0
11617,160000.0
11620,421250.0
11625,491750.0
11626,722000.0
11628,338750.0
11633,435000.0
11636,329650.0
11639,452250.0
11651,118600.0
11666,480000.0
11669,375000.0
11673,300083.3333333333
11675,403000.0
11676,499500.0
11684,622250.0
11685,681500.0
11689,350000.0
11694,465000.0
11695,400750.0
11711,396750.0
11716,561000.0
11718,291100.0
11720,499500.0
11722,504250.0
11731,374500.0
11738,471000.0
11744,344300.0
11745,449750.0
11751,527000.0
11753,373500.0
11760,517500.0
11763,408500.0
11764,804250.0
11770,492500.0
11776,402250.0
11800,544750.0
11801,97600.0
11804,381750.0
11808,480000.0
11820,608500.0
11824,410500.0
11825,714750.0
11831,383250.0
11840,299246.6666666666
11841,495250.0
11854,561000.0
11857,689000.0
11863,445500.0
11864,723250.0
11869,352000.0
11871,714750.0
11883,473750.0
11884,497500.0
11890,373750.0
11894,495500.0
11895,415900.0
11899,357300.0
11905,564500.0
11911,268100.0
11917,331900.0
11920,508000.0
11921,749000.0
11926,164700.0
11928,722000.0
11929,749000.0
11930,726250.0
11935,484000.0
11939,723250.0
11942,412500.0
11948,352500.0
11949,268750.0
11957,418250.0
11961,474250.0
11962,300302.8571428571
11963,477250.0
11966,474750.0
11970,375000.0
11971,235600.0
11975,550500.0
11981,476000.0
11985,409500.0
11991,545250.0
11992,597250.0
12004,246500.0
12005,471000.0
12006,547250.0
12012,551250.0
12017,633500.0
12018,30700.0
12019,483250.0
12022,588750.0
12025,343050.0
12031,315925.0
12034,548500.0
12037,548000.0
12039,597250.0
12050,495000.0
12060,445500.0
12061,472750.0
12067,406000.0
12081,397000.0
12097,351550.0
12099,770250.0
12100,360200.0
12102,214400.0
12103,503000.0
12107,493250.0
12116,418250.0
12125,303820.0
12126,634000.0
12147,494750.0
12158,375000.0
12165,421500.0
12169,598250.0
12171,269000.0
12172,484000.0
12181,198700.0
12186,435250.0
12187,477250.0
12189,699250.0
12191,467750.0
12193,479750.0
12195,623500.0
12199,556000.0
12202,643250.0
12203,465250.0
12212,394500.0
12219,573000.0
12221,591750.0
12223,329325.0
12228,383500.0
12237,651750.0
12238,342055.7142857143
12245,732250.0
12246,326200.0
12254,333400.0
12257,650250.0
12264,520000.0
12270,523000.0
12281,375000.0
12283,180000.0
12293,477750.0
12304,544500.0
12308,351250.0
12317,288600.0
12318,400750.0
12320,266150.0
12322,650000.0
12323,391000.0
12329,425750.0
12330,328250.0
12339,559750.0
12340,326800.0
12341,349000.0
12346,424000.0
12352,651500.0
12353,347250.0
12359,487500.0
12360,327000.0
12363,336000.0
12365,374250.0
12366,363500.0
12369,627000.0
12371,207000.0
12379,351350.0
12394,671000.0
12414,401500.0
12415,355800.0
12417,555750.0
12419,343300.0
12420,270800.0
12424,273300.0
12425,222850.0
12431,245300.0
12439,469000.0
12489,386250.0
12490,649250.0
12492,560500.0
12500,492750.0
12505,655500.0
12506,284650.0
12516,287000.0
12519,561250.0
12521,325050.0
12523,381500.0
12525,364833.33333333326
12529,320650.0
12531,446750.0
12541,401750.0
12545,649750.0
12549,255750.0
12559,425000.0
12560,670750.0
12561,495250.0
12566,651500.0
12575,426000.0
12578,525500.0
12588,227700.0
12589,279550.0
12595,274050.0
12599,398750.0
12604,132800.0
12611,217200.0
12614,310600.0
12615,451500.0
12623,300200.0
12625,106600.0
12629,294950.0
12631,571000.0
12633,350291.66666666674
12638,398250.0
12639,581250.0
12642,260950.0
12645,278450.0
12648,346500.0
12655,391000.0
12656,327550.0
12660,408500.0
12662,286250.0
12674,241600.0
12676,400500.0
12681,506500.0
12691,564250.0
12695,400750.0
12697,278950.0
12708,303650.0
12710,466250.0
12717,106000.0
12720,282000.0
12722,399500.0
12739,201100.0
12743,555000.0
12746,350250.0
12756,127700.0
12759,350000.0
12761,182300.0
12762,624500.0
12763,321250.0
12764,328000.0
12784,324800.0
12786,399500.0
12787,358779.16666666674
12794,350000.0
12801,401500.0
12807,271650.0
12808,428750.0
12814,518750.0
12815,584750.0
12826,145300.0
12829,286550.0
12834,376500.0
12837,320700.0
12839,446000.0
12843,473500.0
12848,362750.0
12849,565250.0
12860,381000.0
12864,449500.0
12868,471750.0
12875,450000.0
12880,425750.0
12885,286435.0
12886,362750.0
12892,414250.0
12904,304450.0
12907,166300.0
12911,299950.0
12920,396500.0
12922,409500.0
12928,559500.0
12935,534500.0
12936,299450.0
12937,355750.0
12938,666250.0
12939,393250.0
12940,376375.0
12946,425500.0
12950,626250.0
12953,628250.0
12970,132800.0
12979,110800.0
12988,291300.0
12991,392000.0
12996,272050.0
12997,266550.0
13012,599250.0
13013,459000.0
13016,277400.0
13033,448750.0
13043,265500.0
13051,399000.0
13056,463000.0
13060,540000.0
13061,320050.0
13064,467750.0
13069,624000.0
13075,220100.0
13077,649750.0
13080,278250.0
13084,428750.0
13086,387500.0
13091,419000.0
13092,530000.0
13096,298800.0
13103,382250.0
13123,191500.0
13125,196700.0
13133,298800.0
13136,511750.0
13139,514750.0
13140,162600.0
13145,536500.0
13146,397250.0
13148,537250.0
13152,374750.0
13160,309300.0
13173,517000.0
13174,445250.0
13183,194000.0
13187,328000.0
13192,136900.0
13193,517000.0
13197,468966.6666666666
13201,238800.0
13216,299150.0
13219,306750.0
13220,482229.1666666666
13227,476000.0
13230,325000.0
13237,350050.0
13238,76800.0
13241,191500.0
13244,410500.0
13245,201000.0
13259,199900.0
13265,261500.0
13271,375250.0
13274,325500.0
13282,468750.0
13284,251100.0
13287,308000.0
13293,272493.3333333334
13295,435750.0
13296,348750.0
13299,134400.0
13300,250800.0
13301,432875.0
13305,416000.0
13308,529500.0
13313,318900.0
13320,178800.0
13324,322750.0
13333,486250.0
13334,284589.99999999994
13339,347050.0
13343,346250.0
13346,341000.0
13351,326050.0
13365,330500.0
13368,519250.0
13373,434750.0
13378,151700.0
13379,397250.0
13386,385000.0
13387,415250.0
13396,380000.0
13398,537250.0
13401,376000.0
13402,349000.0
13406,213900.0
13407,375250.0
13418,389500.0
13425,305700.0
13438,419000.0
13442,238700.0
13443,194300.0
13444,260200.0
13449,321200.0
13453,347250.0
13458,469750.0
13469,427750.0
13472,156400.0
13484,518750.0
13501,539250.0
13502,116100.0
13503,325250.0
13504,297140.0
13508,300200.0
13509,441750.0
13519,347850.0
13520,492500.0
13521,511500.0
13522,529000.0
13527,308650.0
13530,391250.0
13532,346500.0
13536,346750.0
13538,473000.0
13543,482500.0
13548,354050.0
13549,378750.0
13551,477283.33333333326
13556,382750.0
13560,326050.0
13561,274170.2380952381
13566,493916.66666666674
13576,515000.0
13577,474750.0
13583,390000.0
13590,324200.0
13592,268066.6666666666
13594,442750.0
13596,446500.0
13598,375000.0
13601,299150.0
13607,239770.0
13608,514500.0
13611,336300.0
13618,275350.0
13620,445250.0
13622,471250.0
13624,263255.2380952381
13631,118000.0
13637,323550.0
13655,269656.9047619048
13664,375250.0
13666,539083.3333333333
13667,263170.2380952381
13684,410500.0
13697,295880.0
13702,295750.0
13704,208800.0
13715,539750.0
13717,375000.0
13721,478266.6666666666
13723,519500.0
13725,375500.0
13729,204400.0
13732,322550.0
13739,324700.0
13740,385250.0
13746,170900.0
13748,278800.0
13756,260000.0
13761,183900.0
13764,261100.0
13765,404500.0
13768,255600.0
13772,278650.0
13785,240350.0
13786,165100.0
13788,374000.0
13804,339150.0
13806,399750.0
13808,259600.0
13810,446583.3333333334
13820,316550.0
13822,333000.0
13826,379000.0
13831,261100.0
13832,382500.0
13836,450000.0
13844,272700.0
13849,279300.0
13852,239200.0
13860,341000.0
13869,247795.0
13870,444650.0
13872,327250.0
13878,432291.6666666666
13882,212400.0
13890,368500.0
13891,276500.0
13894,263300.0
13898,377000.0
13903,201800.0
13908,182000.0
13911,212100.0
13913,252300.0
13914,422250.0
13915,300700.0
13916,242200.0
13929,330000.0
13935,321850.0
13941,378250.0
13944,257833.33333333337
13945,288750.0
13952,324850.0
13953,258233.33333333337
13960,164900.0
13961,208200.0
13973,391500.0
13974,393750.0
13976,328500.0
13977,329150.0
13981,331500.0
13992,325000.0
13993,131400.0
13994,431650.0
14005,272900.0
14012,448000.0
14015,250650.0
14017,279300.0
14020,275600.0
14022,259450.0
14025,354000.0
14037,373750.0
14050,325750.0
14064,320150.0
14065,194700.0
14076,220800.0
14077,277700.0
14078,194700.0
14081,260500.0
14088,327000.0
14100,241066.66666666663
14101,192100.0
14104,449500.0
14115,273000.0
14129,379750.0
14130,171900.0
14136,422500.0
14144,447666.6666666666
14153,210300.0
14156,340650.0
14165,176900.0
14168,208900.0
14169,246895.0
14170,38300.0
14174,258500.0
14180,447916.6666666666
14185,342800.0
14186,361750.0
14196,128600.0
14198,201050.0
14211,447000.0
14223,299550.0
14227,340500.0
14231,266800.0
14235,418000.0
14256,280600.0
14257,211400.0
14261,242050.0
14263,323650.0
14264,267500.0
14268,235700.0
14282,446608.33333333326
14286,215550.0
14300,443416.66666666674
14304,305250.0
14305,300100.0
14311,236100.0
14313,448000.0
14316,336600.0
14317,384250.0
14329,206300.0
14330,143700.0
14332,154000.0
14336,268400.0
14338,220100.0
14339,242400.0
14348,229800.0
14351,299400.0
14353,180200.0
14355,215900.0
14362,229000.0
14365,194300.0
14366,156500.0
14367,178400.0
14377,91200.0
14378,142300.0
14379,233100.0
14380,309108.3333333333
14396,182500.0
14398,248300.0
14400,323650.0
14401,229900.0
14406,228600.0
14414,218400.0
14420,321926.6666666666
14428,172300.0
14429,181800.0
14432,233500.0
14434,141900.0
14440,297069.1666666667
14441,317181.6666666666
14446,201700.0
14454,230400.0
14455,142300.0
14466,213000.0
14469,200000.0
14472,175200.0
14473,244500.0
14486,52900.0
14488,308750.0
14489,302926.6666666667
14490,150500.0
14499,199800.0
14508,240700.0
14535,217300.0
14539,322756.6666666667
14541,271950.0
14547,269850.0
14556,189600.0
14559,228600.0
14561,265800.0
14563,320090.0
14564,244300.0
14565,200000.0
14571,299300.0
14574,279000.0
14576,236400.0
14581,217100.0
14584,268900.0
14599,280700.0
14606,178600.0
14607,235900.0
14611,268600.0
14621,243000.0
14625,220000.0
14626,299200.0
14631,159100.0
14635,158000.0
14636,27800.0
14639,278900.0
14649,172700.0
14650,232100.0
14655,317517.5
14658,231700.0
14659,161700.0
14669,324400.0
14671,299800.0
14681,223200.0
14684,239700.0
14685,234900.0
14686,186700.0
14689,148600.0
14690,180900.0
14692,202000.0
14693,222500.0
14694,269033.3333333333
14700,307000.0
14703,220200.0
14714,161800.0
14734,174900.0
14737,266400.0
14740,220300.0
14742,142600.0
14744,67100.0
14745,220500.0
14750,206100.0
14757,173800.0
14758,300555.8333333333
14761,186700.0
14762,307650.0
14771,241200.0
14778,269200.0
14784,179800.0
14786,220800.0
14802,174800.0
14805,216500.0
14812,239300.0
14819,260100.0
14820,267600.0
14826,122900.0
14827,277900.0
14835,39200.0
14843,129500.0
14848,178800.0
14858,216833.33333333337
14861,166200.0
14862,219200.0
14863,184300.0
14867,140700.0
14869,225200.0
14874,118800.0
14881,170600.0
14882,171300.0
14900,161400.0
14906,274200.0
14908,148200.0
14917,189200.0
14920,200200.0
14927,170500.0
14930,24000.0
14935,229900.0
14939,278100.0
14944,176100.0
14945,194900.0
14950,180200.0
14954,241700.0
14967,180700.0
14968,218233.33333333337
14969,159300.0
14979,140600.0
14987,248700.0
14996,180500.0
14999,169200.0
15009,149500.0
15021,36100.0
15022,225700.0
15024,232300.0
15028,154200.0
15032,130000.0
15036,226900.0
15040,193300.0
15041,276500.0
15052,118500.0
15053,189800.0
15055,204700.0
15070,235300.0
15072,264600.0
15073,192200.0
15076,236000.0
15078,170700.0
15080,215900.0
15081,119500.0
15091,111200.0
15095,160200.0
15105,168100.0
15112,169400.0
15117,196100.0
15122,75200.0
15127,200300.0
15133,180700.0
15135,249500.0
15139,140300.0
15142,191200.0
15147,157600.0
15151,265200.0
15152,254300.0
15159,221333.3333333333
15164,224800.0
15169,131100.0
15174,115000.0
15175,211700.0
15180,196400.0
15183,233200.0
15191,223100.0
15193,13900.0
15195,151800.0
15197,162700.0
15199,164500.0
15201,221100.0
15207,218400.0
15209,161500.0
15213,228200.0
15215,112200.0
15221,135500.0
15225,109400.0
15234,141600.0
15246,199200.0
15249,193500.0
15250,206800.0
15264,166400.0
15267,87000.0
15275,139900.0
15277,127600.0
15282,160400.0
15286,157700.0
15290,113100.0
15292,182300.0
15293,102800.0
15306,142300.0
15310,172100.0
15333,199200.0
15334,191600.0
15339,216800.0
15353,224900.0
15356,111600.0
15357,219200.0
15360,106300.0
15371,213000.0
15378,185200.0
15386,161700.0
15387,201300.0
15389,161100.0
15392,197000.0
15393,168100.0
15396,213100.0
15401,135900.0
15422,180200.0
15431,216800.0
15448,174800.0
15457,202300.0
15460,205300.0
15462,140100.0
15463,157000.0
15476,220000.0
15478,172700.0
15484,159700.0
15489,147300.0
15490,208800.0
15493,13500.0
15498,113800.0
15504,117900.0
15511,128500.0
15517,205600.0
15518,94100.0
15520,114300.0
15529,152300.0
15533,178700.0
15536,194400.0
15539,165600.0
15540,198400.0
15546,219200.0
15552,142900.0
15563,91800.0
15564,131233.33333333334
15569,109800.0
15573,151100.0
15574,186800.0
15584,111300.0
15600,119700.0
15602,128800.0
15604,106100.0
15608,128900.0
15612,131200.0
15614,122400.0
15615,89800.0
15616,148300.0
15621,169100.0
15622,153200.0
15630,170400.0
15631,122500.0
15632,177400.0
15638,123700.0
15640,159600.0
15645,131500.0
15647,91800.0
15652,195200.0
15670,109600.0
15673,126800.0
15692,160000.0
15694,182600.0
15697,182400.0
15702,137700.0
15703,181300.0
15721,180800.0
15722,138900.0
15737,131733.33333333334
15738,122400.0
15750,157500.0
15751,183500.0
15754,107900.0
15763,144100.0
15765,140700.0
15769,124200.0
15773,121900.0
15777,153200.0
15781,132500.0
15795,156300.0
15796,97700.0
15800,20200.0
15825,147700.0
15831,145900.0
15836,120800.0
15838,117400.0
15840,121500.0
15844,121600.0
15860,188000.0
15865,100200.0
15870,134400.0
15871,141800.0
15878,141200.0
15885,130700.0
15887,121800.0
15892,112900.0
15893,110000.0
15897,186200.0
15898,178100.0
15902,159500.0
15905,93200.0
15908,115800.0
15911,91500.0
15920,117900.0
15926,119500.0
15932,134166.66666666666
15934,180800.0
15936,172500.0
15937,115400.0
15938,149700.0
15939,162400.0
15951,149100.0
15970,180600.0
15981,92000.0
16003,148000.0
16004,144400.0
16012,120400.0
16013,171900.0
16015,89400.0
16020,147000.0
16033,146700.0
16036,169800.0
16049,90000.0
16051,149700.0
16052,115400.0
16053,185400.0
16064,159200.0
16067,172200.0
16074,109900.0
16082,100400.0
16092,73900.0
16093,182200.0
16095,140900.0
16096,184200.0
16097,121600.0
16100,146000.0
16102,113100.0
16103,171300.0
16116,146900.0
16118,135600.0
16121,110100.0
16122,104000.0
16124,117400.0
16126,140400.0
16128,102200.0
16133,90700.0
16138,93200.0
16141,131800.0
16153,33200.0
16155,118700.0
16160,70400.0
16163,134700.0
16183,138800.0
16191,86700.0
16199,76900.0
16209,110700.0
16222,87200.0
16226,140000.0
16230,118300.0
16241,140900.0
16248,137900.0
16259,130800.0
16261,106700.0
16263,142200.0
16270,84800.0
16274,142100.0
16287,135600.0
16296,136700.0
16300,106200.0
16306,102200.0
16309,103200.0
16311,139000.0
16324,139900.0
16328,143200.0
16329,141300.0
16332,84800.0
16336,77200.0
16343,128800.0
16346,118900.0
16361,54700.0
16365,71300.0
16383,84600.0
16390,91400.0
16394,120600.0
16411,123500.0
16415,102000.0
16426,122900.0
16428,120100.0
16430,83500.0
16432,122600.0
16438,90400.0
16448,118500.0
16459,102100.0
16463,63800.0
16467,128200.0
16478,77700.0
16489,111700.0
16498,121100.0
16510,91200.0
16527,95400.0
16529,94600.0
16540,97800.0
16542,70900.0
16546,59200.0
16551,64000.0
16559,90000.0
16561,95300.0
16562,101900.0
16567,97500.0
16568,99100.0
16574,102900.0
16579,84500.0
16581,87400.0
16583,105200.0
16590,68700.0
16594,103900.0
16596,98500.0
16603,82100.0
16613,89200.0
16620,69400.0
16621,93500.0
16634,41800.0
16637,90000.0
16639,105600.0
16640,99300.0
16641,62600.0
16651,76900.0
16659,99800.0
16660,60200.0
16684,45800.0
16693,76600.0
16702,43600.0
16705,70000.0
16707,74520.00000000001
16721,68233.33333333333
16722,71500.0
16728,71300.0
16733,68700.0
16746,69200.0
16762,59000.0
16773,51700.0
16778,57400.0
16784,55500.0
16801,52800.0
16814,54300.0
16818,35000.0
16838,52300.0
16854,53300.0
16861,36700.0
16872,50800.0
16873,51900.0
16874,53100.0
16888,43900.0
16889,59700.0
16913,44200.0
16918,58700.0
16924,59000.0
16929,51100.0
16932,59300.0
16937,45100.0
16943,51900.0
